{
	"partitions" : [
		{
			"name" : "Top",
			"pins" : [
				{
					"name" : "led[0]",
					"strict" : false
				},
				{
					"name" : "led[1]",
					"strict" : false
				},
				{
					"name" : "led[2]",
					"strict" : false
				},
				{
					"name" : "led[3]",
					"strict" : false
				},
				{
					"name" : "btn3",
					"strict" : false
				},
				{
					"name" : "clk",
					"strict" : false
				},
				{
					"name" : "reset_n",
					"strict" : false
				},
				{
					"name" : "btn1",
					"strict" : false
				},
				{
					"name" : "btn2",
					"strict" : false
				}
			]
		}
	]
}