{
	"partitions" : [
		{
			"name" : "Top",
			"pins" : [
				{
					"name" : "full",
					"strict" : false
				},
				{
					"name" : "empty",
					"strict" : false
				},
				{
					"name" : "rddata[0]",
					"strict" : false
				},
				{
					"name" : "rddata[1]",
					"strict" : false
				},
				{
					"name" : "rddata[2]",
					"strict" : false
				},
				{
					"name" : "rddata[3]",
					"strict" : false
				},
				{
					"name" : "rddata[4]",
					"strict" : false
				},
				{
					"name" : "rddata[5]",
					"strict" : false
				},
				{
					"name" : "rddata[6]",
					"strict" : false
				},
				{
					"name" : "rddata[7]",
					"strict" : false
				},
				{
					"name" : "data_avail[0]",
					"strict" : false
				},
				{
					"name" : "data_avail[1]",
					"strict" : false
				},
				{
					"name" : "data_avail[2]",
					"strict" : false
				},
				{
					"name" : "data_avail[3]",
					"strict" : false
				},
				{
					"name" : "room_avail[0]",
					"strict" : false
				},
				{
					"name" : "room_avail[1]",
					"strict" : false
				},
				{
					"name" : "room_avail[2]",
					"strict" : false
				},
				{
					"name" : "room_avail[3]",
					"strict" : false
				},
				{
					"name" : "almost_full",
					"strict" : false
				},
				{
					"name" : "almost_empty",
					"strict" : false
				},
				{
					"name" : "wren",
					"strict" : false
				},
				{
					"name" : "rden",
					"strict" : false
				},
				{
					"name" : "clk",
					"strict" : false
				},
				{
					"name" : "rst",
					"strict" : false
				},
				{
					"name" : "wrdata[0]",
					"strict" : false
				},
				{
					"name" : "wrdata[1]",
					"strict" : false
				},
				{
					"name" : "wrdata[2]",
					"strict" : false
				},
				{
					"name" : "wrdata[3]",
					"strict" : false
				},
				{
					"name" : "wrdata[4]",
					"strict" : false
				},
				{
					"name" : "wrdata[5]",
					"strict" : false
				},
				{
					"name" : "wrdata[6]",
					"strict" : false
				},
				{
					"name" : "wrdata[7]",
					"strict" : false
				}
			]
		}
	]
}